[
  {
    "id": 94,
    "userId": 2,
    "content": "Welcome to RunCoach! I've recorded your running profile details.",
    "isUserMessage": false,
    "createdAt": "2025-04-10T21:01:32.219Z"
  },
  {
    "id": 95,
    "userId": 2,
    "content": "Hi Andrew! Welcome to your running journey. With a mile time of 8:00 and a weekly mileage of 10 miles, you're off to a solid start for someone aiming for general fitness. Let's build on that foundation with a structured approach.\n\nFor a balanced routine, we'll alternate between running and rest or cross-training days to ensure you're getting the most out of your workouts while allowing for recovery. \n\nHere's a suggested weekly approach:\n\nMonday: Easy run - 25 minutes at conversation pace. Start with a 5-minute walk, then run easy for 15 minutes, followed by a 5-minute cool down walk.\n\nTuesday: Active recovery - Consider a brisk walk or cycling for 20-30 minutes. This will help keep your body moving while giving your legs a break.\n\nWednesday: Moderate run - 30 minutes. Start with a 5-minute walking warm-up, then run at a steady pace for 20 minutes, followed by a 5-minute walking cool-down.\n\nFriday: Tempo run - Start with a 5-minute walk, then 10 minutes at a comfortable pace, 10 minutes at a slightly faster pace (you should be able to say short phrases), followed by a 5-minute walking cool-down.\n\nSaturday: Long easy run - 3 miles at a relaxed pace. Focus on enjoyment and maintaining a rhythm without pushing too hard.\n\nLet's also consider your morning preference to structure your runs for optimal energy. What specific time works best for your morning runs? Additionally, since you prefer not doing strength training, would you be open to adding some light mobility exercises to complement your running? These can be beneficial for performance and injury prevention. Let me know, and I'll tailor it further!",
    "isUserMessage": false,
    "createdAt": "2025-04-10T21:01:32.220Z"
  },
  {
    "id": 96,
    "userId": 2,
    "content": "Thanks this sounds good",
    "isUserMessage": true,
    "createdAt": "2025-04-10T21:28:17.416Z"
  },
  {
    "id": 97,
    "userId": 2,
    "content": "Great to hear you're on board! Let's focus on building a strong foundation with consistent, balanced workouts. Starting tomorrow, here's your plan:\n\nFriday: Tempo run - Begin with a 5-minute walking warm-up, then run 10 minutes at a comfortable pace. Increase the pace for 10 minutes (you should be able to say short phrases), and finish with a 5-minute walking cool-down.\n\nSaturday: Long easy run - 3 miles at a relaxed pace. Stay comfortable and enjoy the run.\n\nRemember to listen to your body and make adjustments if needed. If you have any time preferences or additional training interests, let me know!",
    "isUserMessage": false,
    "createdAt": "2025-04-10T21:28:22.158Z"
  },
  {
    "id": 98,
    "userId": 2,
    "content": "That sounds great",
    "isUserMessage": true,
    "createdAt": "2025-04-10T21:39:30.294Z"
  },
  {
    "id": 99,
    "userId": 2,
    "content": "Awesome! I'm thrilled you're ready to dive into these workouts. It's all about enjoying the process and gradually building your endurance and speed. Stick with the plan and listen to your body as you progress.",
    "isUserMessage": false,
    "createdAt": "2025-04-10T21:39:33.339Z"
  },
  {
    "id": 121,
    "userId": 1,
    "content": "Hi Andrew Johnson! Absolutely, I'd love to help you improve your running. I see you're a beginner with a solid base, running a mile in 8:00 and clocking about 10 miles each week. You're focused on general fitness, and I'm here to make sure you get the most out of your routine. Are you looking to become more consistent with your running schedule, or is there something specific you'd like to focus on? Let's get you on the right path to your goals!",
    "isUserMessage": false,
    "createdAt": "2025-04-10T22:35:43.471Z"
  },
  {
    "id": 122,
    "userId": 1,
    "content": "Yeah just needing help staying consistent",
    "isUserMessage": true,
    "createdAt": "2025-04-10T22:35:56.672Z"
  },
  {
    "id": 123,
    "userId": 1,
    "content": "Hello?",
    "isUserMessage": true,
    "createdAt": "2025-04-10T22:36:21.748Z"
  },
  {
    "id": 124,
    "userId": 1,
    "content": "Let's work on building a routine that suits you. Since you're aiming for consistency, it's helpful to start with identifying your preferred schedule. What specific time in the morning works best for you to go for a run?",
    "isUserMessage": false,
    "createdAt": "2025-04-10T22:37:26.751Z"
  },
  {
    "id": 125,
    "userId": 1,
    "content": "Usual;ly arounnd 6:45",
    "isUserMessage": true,
    "createdAt": "2025-04-10T22:41:13.427Z"
  },
  {
    "id": 126,
    "userId": 1,
    "content": "Great, running at 6:45 AM sounds like a perfect way to kick off the day! Let's create a plan that aligns with your routine and helps you build consistency. Since we're aiming for steady progress, incorporating a long run day would be beneficial. Which day of the week would you prefer for your longer run?",
    "isUserMessage": false,
    "createdAt": "2025-04-10T22:41:15.914Z"
  },
  {
    "id": 127,
    "userId": 1,
    "content": "Saturday",
    "isUserMessage": true,
    "createdAt": "2025-04-10T22:43:19.247Z"
  },
  {
    "id": 128,
    "userId": 1,
    "content": "Fantastic! Having your long run on Saturday works perfectly. Now, let's set up a week of training that starts from tomorrow and builds up your consistency naturally.",
    "isUserMessage": false,
    "createdAt": "2025-04-10T22:43:26.175Z"
  },
  {
    "id": 129,
    "userId": 1,
    "content": "Perfect",
    "isUserMessage": true,
    "createdAt": "2025-04-10T22:43:37.002Z"
  },
  {
    "id": 130,
    "userId": 1,
    "content": "Here's a structured plan starting with tomorrow to help you stay consistent and build fitness:\n\n**Friday (Tomorrow):** Easy run - 20 minutes at a conversational pace. Start with a 5-minute walking warm-up and a 5-minute walking cool-down.\n\n**Saturday:** Long run - 4 miles at a comfortable pace. Begin with a 5-minute walk to warm up, then settle into your run, and finish with another 5-minute walk to cool down.\n\n**Sunday:** Rest day - Take this time to recover and allow your muscles to repair.\n\n**Monday:** Speed session - 3 x 400m intervals at a quicker pace with a 2-minute rest between each. Warm-up with a 5-minute walk/jog, and finish with a 5-minute cool-down walk.\n\n**Tuesday:** Easy run - 25 minutes at your conversational pace. Incorporate your warm-up and cool-down walks for 5 minutes each.\n\n**Wednesday:** Cross-training - 30 minutes of cycling or swimming, focusing on maintaining a moderate, steady effort.\n\n**Thursday:** Rest day\n\nFeel free to adjust the intensity or pace as needed to maintain quality runs. Let me know if you want to make any tweaks!",
    "isUserMessage": false,
    "createdAt": "2025-04-10T22:43:49.253Z"
  }
]