[
  {
    "id": 9,
    "userId": 2,
    "title": "General Fitness Improvement Plan",
    "description": "A beginner-friendly plan focusing on building cardio fitness and endurance",
    "durationWeeks": 4,
    "currentWeek": 1,
    "createdAt": "2025-04-10T21:01:32.238Z"
  },
  {
    "id": 12,
    "userId": 1,
    "title": "Consistency Building Plan",
    "description": "This plan is designed to help you establish a consistent running routine each week, focusing on building a habit and enjoyment in running.",
    "durationWeeks": 4,
    "currentWeek": 1,
    "createdAt": "2025-04-10T22:37:26.752Z"
  }
]