[
  {
    "id": 1,
    "userId": 1,
    "experience": "beginner",
    "mileTimeMinutes": 8,
    "mileTimeSeconds": 0,
    "weeklyMileage": 10,
    "trainingGoal": "general_fitness",
    "raceType": null,
    "createdAt": "2025-04-06T18:53:56.285Z",
    "strengthTraining": "none",
    "preferredRunTime": "morning",
    "restDays": [
      "sunday",
      "thursday"
    ]
  },
  {
    "id": 2,
    "userId": 2,
    "experience": "beginner",
    "mileTimeMinutes": 8,
    "mileTimeSeconds": 0,
    "weeklyMileage": 10,
    "trainingGoal": "general_fitness",
    "strengthTraining": "none",
    "preferredRunTime": "morning",
    "restDays": [
      "sunday",
      "thursday"
    ],
    "raceType": null,
    "createdAt": "2025-04-10T21:01:20.042Z"
  }
]