[
  {
    "id": 70,
    "userId": 2,
    "title": "Monday: Easy Run",
    "description": "25-minute easy run with walking warm-up and cool-down",
    "dayOfWeek": "Monday",
    "intensity": "Low",
    "details": [
      "5-minute walking warm-up",
      "15 minutes of easy running at conversation pace",
      "5-minute walking cool-down"
    ],
    "isComplete": false,
    "createdAt": "2025-04-10T21:01:32.221Z"
  },
  {
    "id": 71,
    "userId": 2,
    "title": "Tuesday: Active Recovery",
    "description": "Brisk walk or cycling for recovery",
    "dayOfWeek": "Tuesday",
    "intensity": "Low",
    "details": [
      "20-30 minutes of brisk walking or cycling"
    ],
    "isComplete": false,
    "createdAt": "2025-04-10T21:01:32.222Z"
  },
  {
    "id": 72,
    "userId": 2,
    "title": "Wednesday: Moderate Run",
    "description": "30-minute steady run at moderate pace",
    "dayOfWeek": "Wednesday",
    "intensity": "Medium",
    "details": [
      "5-minute walking warm-up",
      "20 minutes of steady running",
      "5-minute walking cool-down"
    ],
    "isComplete": false,
    "createdAt": "2025-04-10T21:01:32.222Z"
  },
  {
    "id": 73,
    "userId": 2,
    "title": "Friday: Tempo Run",
    "description": "Boost your pace with this tempo run",
    "dayOfWeek": "Friday",
    "intensity": "Medium",
    "details": [
      "5-minute walking warm-up",
      "10 minutes at a comfortable pace",
      "10 minutes at a slightly faster pace",
      "5-minute walking cool-down"
    ],
    "isComplete": false,
    "createdAt": "2025-04-10T21:01:32.227Z"
  },
  {
    "id": 74,
    "userId": 2,
    "title": "Saturday: Long Easy Run",
    "description": "Sustain a relaxed pace for 3 miles",
    "dayOfWeek": "Saturday",
    "intensity": "Low",
    "details": [
      "3 miles at a relaxed pace focusing on rhythm and enjoyment"
    ],
    "isComplete": false,
    "createdAt": "2025-04-10T21:01:32.237Z"
  },
  {
    "id": 89,
    "userId": 1,
    "title": "Friday: Easy Run",
    "description": "20-minute easy run with warm-up and cool-down",
    "dayOfWeek": "Friday",
    "intensity": "Low",
    "details": [
      "5-minute walking warm-up",
      "20 minutes of easy running at conversation pace",
      "5-minute walking cool-down"
    ],
    "isComplete": false,
    "createdAt": "2025-04-10T22:43:26.178Z"
  },
  {
    "id": 90,
    "userId": 1,
    "title": "Saturday: Long Run",
    "description": "4-mile comfortable long run",
    "dayOfWeek": "Saturday",
    "intensity": "Medium",
    "details": [
      "5-minute walking warm-up",
      "Run 4 miles at a comfortable pace",
      "5-minute walking cool-down"
    ],
    "isComplete": false,
    "createdAt": "2025-04-10T22:43:26.180Z"
  },
  {
    "id": 91,
    "userId": 1,
    "title": "Sunday: Rest Day",
    "description": "Rest and recovery day",
    "dayOfWeek": "Sunday",
    "intensity": "Low",
    "details": [
      "Full day rest to recover muscles"
    ],
    "isComplete": false,
    "createdAt": "2025-04-10T22:43:26.183Z"
  },
  {
    "id": 92,
    "userId": 1,
    "title": "Monday: Speed Session",
    "description": "3 x 400m intervals",
    "dayOfWeek": "Monday",
    "intensity": "High",
    "details": [
      "5-minute walk/jog warm-up",
      "3 intervals of 400m at a fast pace with 2-minute rest between each",
      "5-minute walking cool-down"
    ],
    "isComplete": false,
    "createdAt": "2025-04-10T22:43:26.185Z"
  },
  {
    "id": 93,
    "userId": 1,
    "title": "Tuesday: Easy Run",
    "description": "25-minute easy run with warm-up and cool-down",
    "dayOfWeek": "Tuesday",
    "intensity": "Low",
    "details": [
      "5-minute walking warm-up",
      "25 minutes of easy running at conversation pace",
      "5-minute walking cool-down"
    ],
    "isComplete": false,
    "createdAt": "2025-04-10T22:43:26.188Z"
  },
  {
    "id": 94,
    "userId": 1,
    "title": "Wednesday: Cross-Training",
    "description": "30 minutes of cycling or swimming",
    "dayOfWeek": "Wednesday",
    "intensity": "Medium",
    "details": [
      "30 minutes of moderate cycling or swimming"
    ],
    "isComplete": false,
    "createdAt": "2025-04-10T22:43:26.190Z"
  },
  {
    "id": 95,
    "userId": 1,
    "title": "Thursday: Rest Day",
    "description": "Rest and recovery day",
    "dayOfWeek": "Thursday",
    "intensity": "Low",
    "details": [
      "Full day rest to recover muscles"
    ],
    "isComplete": false,
    "createdAt": "2025-04-10T22:43:26.191Z"
  }
]